term,definition
A,",The first letter of the English and of many other alphabets. The capital A of the alphabets of Middle and Western Europe, as also the small letter (a), besides the forms in Ita…"
A-,",A, as a prefix to English words, is derived from various sources. (1) It frequently signifies on or in (from an, a forms of AS. on), denoting a state, as in afoot, on foot, abe…"
A 1,",A registry mark given by underwriters (as at Lloyd's) to ships in first-class condition. Inferior grades are indicated by A 2 and A 3."
Aam,"n.,A Dutch and German measure of liquids, varying in different cities, being at Amsterdam about 41 wine gallons, at Antwerp 36 1/2, at Hamburg 38 1/4."
Aard-vark,"n.,An edentate mammal, of the genus Orycteropus, somewhat resembling a pig, common in some parts of Southern Africa. It burrows in the ground, and feeds entirely on ants, which…"
Aard-wolf,"n.,A carnivorous quadruped (Proteles Lalandii), of South Africa, resembling the fox and hyena. See Proteles."
Aaronic,"a.,Alt. of Aaronical"
Aaronical,"a.,Pertaining to Aaron, the first high priest of the Jews."
Aaron's rod,",A rod with one serpent twined around it, thus differing from the caduceus of Mercury, which has two."
Ab-,",A prefix in many words of Latin origin. It signifies from, away , separating, or departure, as in abduct, abstract, abscond. See A-(6)."
Ab,"n.,The fifth month of the Jewish year according to the ecclesiastical reckoning, the eleventh by the civil computation, coinciding nearly with August."
Abaca,"n.,The Manila-hemp plant (Musa textilis); also, its fiber. See Manila hemp under Manila."
Abacinate,"v. t.,To blind by a red-hot metal plate held before the eyes."
Abacination,"n.,The act of abacinating."
Abaciscus,"n.,One of the tiles or squares of a tessellated pavement; an abaculus."
Abacist,"n.,One who uses an abacus in casting accounts; a calculator."
Aback,"adv.,Toward the back or rear; backward."
Abactinal,"a.,Pertaining to the surface or end opposite to the mouth in a radiate animal; -- opposed to actinal."
Abaction,"n.,Stealing cattle on a large scale."
Abactor,"n.,One who steals and drives away cattle or beasts by herds or droves."
Abaculi,"pl. ,of Abaculus"
Abaculus,"n.,A small tile of glass, marble, or other substance, of various colors, used in making ornamental patterns in mosaic pavements."
Abacuses,"pl. ,of Abacus"
Abaci,"pl. ,of Abacus"
Abacus,"n.,A table or tray strewn with sand, anciently used for drawing, calculating, etc."
Abada,"n.,The rhinoceros."
Abaddon,"n.,The destroyer, or angel of the bottomless pit; -- the same as Apollyon and Asmodeus."
Abaft,"prep.,Behind; toward the stern from; as, abaft the wheelhouse."
Abaisance,"n.,Obeisance."
Abaiser,"n.,Ivory black or animal charcoal."
Abaist,"p. p.,Abashed; confounded; discomfited."
Abalienate,"v. t.,To transfer the title of from one to another; to alienate."
Abalienation,"n.,The act of abalienating; alienation; estrangement."
Abalone,"n.,A univalve mollusk of the genus Haliotis. The shell is lined with mother-of-pearl, and used for ornamental purposes; the sea-ear. Several large species are found on the coast…"
Aband,"v. t.,To abandon."
Abandoned,"imp. & p. p.,of Abandon"
Abandoning,"p. pr. & vb. n.,of Abandon"
Abandon,"v. t.,To cast or drive out; to banish; to expel; to reject."
Abandonedly,"adv.,Unrestrainedly."
Abandonee,"n.,One to whom anything is legally abandoned."
B,",is the second letter of the English alphabet. (See Guide to Pronunciation, // 196, 220.) It is etymologically related to p, v, f, w and m , letters representing sounds having a…"
Ba,"v. i.,To kiss."
Baa,"v. i.,To cry baa, or bleat as a sheep."
Baas,"pl. ,of Baa"
Baaing,"n.,The bleating of a sheep."
Baalim,"pl. ,of Baal"
Baal,"n.,The supreme male divinity of the Phoenician and Canaanitish nations."
Baalism,"n.,Worship of Baal; idolatry."
Baalist,"n.,Alt. of Baalite"
Baalite,"n.,A worshiper of Baal; a devotee of any false religion; an idolater."
Baba,"n.,A kind of plum cake."
Babbitt,"v. t.,To line with Babbitt metal."
Babbitt metal,",A soft white alloy of variable composition (as a nine parts of tin to one of copper, or of fifty parts of tin to five of antimony and one of copper) used in bearings to diminis…"
Babbled,"imp. & p. p.,of Babble"
Babbling,"p. pr. & vb. n.,of Babble"
Babble,"v. i.,To utter words indistinctly or unintelligibly; to utter inarticulate sounds; as a child babbles."
Babblement,"n.,Babble."
Babbler,"n.,An idle talker; an irrational prater; a teller of secrets."
Babblery,"n.,Babble."
Babe,"n.,An infant; a young child of either sex; a baby."
Babehood,"n.,Babyhood."
Babel,"n.,The city and tower in the land of Shinar, where the confusion of languages took place."
Babery,"n.,Finery of a kind to please a child."
Babian,"n.,Alt. of Babion"
Babion,"n.,A baboon."
Babillard,"n.,The lesser whitethroat of Europe; -- called also babbling warbler."
Babingtonite,"n.,A mineral occurring in triclinic crystals approaching pyroxene in angle, and of a greenish black color.  It is a silicate of iron, manganese, and lime."
Babiroussa,"n.,Alt. of Babirussa"
Babirussa,"n.,A large hoglike quadruped (Sus, / Porcus, babirussa) of the East Indies, sometimes domesticated; the Indian hog. Its upper canine teeth or tusks are large and recurved."
Babish,"a.,Like a babe; a childish; babyish."
Babism,"n.,The doctrine of a modern religious sect, which originated in Persia in 1843, being a mixture of Mohammedan, Christian, Jewish and Parsee elements."
Babist,"n.,A believer in Babism."
Bablah,"n.,The ring of the fruit of several East Indian species of acacia; neb-neb. It contains gallic acid and tannin, and is used for dyeing drab."
Baboo,"n.,Alt. of Babu"
Babu,"n.,A Hindoo gentleman; a native clerk who writes English; also, a Hindoo title answering to Mr.  or Esquire."
Baboon,"n.,One of the Old World Quadrumana, of the genera Cynocephalus and Papio; the dog-faced ape. Baboons have dog-like muzzles and large canine teeth, cheek pouches, a short tail, a…"
Baboonery,"n.,Baboonish behavior."
Baboonish,"a.,Like a baboon."
Babies,"pl. ,of Baby"
Baby,"n.,An infant or young child of either sex; a babe."
C,",C is the third letter of the English alphabet. It is from the Latin letter C, which in old Latin represented the sounds of k, and g (in go); its original value being the latter…"
Caaba,"n.,The small and nearly cubical stone building, toward which all Mohammedans must pray."
Caas,"n. sing. & pl.,Case."
Cab,"n.,A kind of close carriage with two or four wheels, usually a public vehicle."
Cabal,"n.,Tradition; occult doctrine. See Cabala"
Caballed,"imp. & p. p.,of Cabal"
Caballing,"p. pr. & vb. n.,of Cabal"
Cabala,"n.,A kind of occult theosophy or traditional interpretation of the Scriptures among Jewish rabbis and certain mediaeval Christians, which treats of the nature of god and the mys…"
Cabalism,"n.,The secret science of the cabalists."
Cabalist,"n.,One versed in the cabala, or the mysteries of Jewish traditions."
Cabalistic,"a.,Alt. of Cabalistical"
Cabalistical,"a.,Of or pertaining to the cabala; containing or conveying an occult meaning; mystic."
Cabalistically,"adv.,In a cabalistic manner."
Cabalize,"v. i.,To use cabalistic language."
Caballer,"n.,One who cabals."
Caballine,"a.,Of or pertaining to a horse."
Cabaret,"n.,A tavern; a house where liquors are retailed."
Cabas,"n.,A flat basket or frail for figs, etc.; hence, a lady's flat workbasket, reticule, or hand bag; -- often written caba."
Cabassou,"n.,A species of armadillo of the genus Xenurus (X. unicinctus and X. hispidus); the tatouay."
Cabbage,"n.,An esculent vegetable of many varieties, derived from the wild Brassica oleracea of Europe. The common cabbage has a compact head of leaves. The cauliflower, Brussels sprouts…"
Cabbaged,"imp. & p. p,of Cabbage"
Cabbaging,"p. pr. & vb. n.,of Cabbage"
Cabbler,"n.,One who works at cabbling."
Cabbling,"n.,The process of breaking up the flat masses into which wrought iron is first hammered, in order that the pieces may be reheated and wrought into bar iron."
Cabeca,"n.,Alt. of Cabesse"
Cabesse,"n.,The finest kind of silk received from India."
Caber,"n.,A pole or beam used in Scottish games for tossing as a trial of strength."
Cabezon,"n.,A California fish (Hemilepidotus spinosus), allied to the sculpin."
Cabiai,"n.,The capybara. See Capybara."
Cabin,"n.,A cottage or small house; a hut."
Cabined,"imp. & p. p.,of Cabin"
Cabining,"p. pr. & vb. n.,of Cabin"
Cabinet,"n.,A hut; a cottage; a small house."
Cabineting,"p. pr. & vb. n.,of Cabinet"
Cabinetmaker,"n.,One whose occupation is to make cabinets or other choice articles of household furniture, as tables, bedsteads, bureaus, etc."
Cabinetmaking,"n.,The art or occupation of making the finer articles of household furniture."
Cabinetwork,"n.,The art or occupation of working upon wooden furniture requiring nice workmanship; also, such furniture."
Cabirean,"n.,One of the Cabiri."
Cabbiri,"n. pl.,Certain deities originally worshiped with mystical rites by the Pelasgians in Lemnos and Samothrace and afterwards throughout Greece; -- also called sons of Hephaestus (o…"
Cabirian,"a.,Same as Cabiric."
Esopian,"a.,Of or pertaining to Aesop, or in his manner."
Esopic,"a.,Same as Aesopian."
Esthesiometer,"n.,An instrument to measure the degree of sensation, by determining at how short a distance two impressions upon the skin can be distinguished, and thus to determine whether the…"
Esthetics,"n.,The theory or philosophy of taste; the science of the beautiful in nature and art; esp. that which treats of the expression and embodiment of beauty by art."
Embassade,"ambassade.,The mission of an ambassador."
Embassador,"n.,A minister of the highest rank sent to a foreign court to represent there his sovereign or country."
E,",The fifth letter of the English alphabet."
E-,",A Latin prefix meaning out, out of, from; also, without. See Ex-."
Each,"a. / a. pron.,Every one of the two or more individuals composing a number of objects, considered separately from the rest. It is used either with or without a following noun; as…"
Eachwhere,"adv.,Everywhere."
Eadish,"n.,See Eddish."
Eager,"a.,Sharp; sour; acid."
Eagerly,"adv.,In an eager manner."
Eagerness,"n.,The state or quality of being eager; ardent desire."
Eagle,"n.,Any large, rapacious bird of the Falcon family, esp. of the genera Aquila and Haliaeetus. The eagle is remarkable for strength, size, graceful figure, keenness of vision, and…"
Eagle-eyed,"a.,Sharp-sighted as an eagle."
Eagle-sighted,"a.,Farsighted and strong-sighted; sharp-sighted."
Eagless,"n.,A female or hen eagle."
Eaglestone,"n.,A concretionary nodule of clay ironstone, of the size of a walnut or larger, so called by the ancients, who believed that the eagle transported these stones to her nest to fa…"
Eaglet,"n.,A young eagle, or a diminutive eagle."
Eagle-winged,"a.,Having the wings of an eagle; swift, or soaring high, like an eagle."
Eaglewood,"n.,A kind of fragrant wood. See Agallochum."
Eagrass,"n.,See Eddish."
Eagre,"n.,A wave, or two or three successive waves, of great height and violence, at flood tide moving up an estuary or river; -- commonly called the bore. See Bore."
Ealderman,"n.,Alt. of Ealdorman"
Ealdorman,"n.,An alderman."
Eale,"n.,Ale."
Eame,"n.,Uncle."
Ean,"v. t. & i.,To bring forth, as young; to yean."
Eanling,"n.,A lamb just brought forth; a yeanling."
Ear,"n.,The organ of hearing; the external ear."
Eared,"imp. & p. p.,of Ear"
Earing,"p. pr. & vb. n.,of Ear"
Earable,"a.,Arable; tillable."
Earache,"n.,Ache or pain in the ear."
Earal,"a.,Receiving by the ear."
Ear-bored,"a.,Having the ear perforated."
Earcap,"n.,A cap or cover to protect the ear from cold."
Earcockle,"n.,A disease in wheat, in which the blackened and contracted grain, or ear, is filled with minute worms."
Eardrop,"n.,A pendant for the ear; an earring; as, a pair of eardrops."
F,",F is the sixth letter of the English alphabet, and a nonvocal consonant. Its form and sound are from the Latin. The Latin borrowed the form from the Greek digamma /, which prob…"
Fa,"n.,A syllable applied to the fourth tone of the diatonic scale in solmization."
Fabaceous,"a.,Having the nature of a bean; like a bean."
Fabellae,"pl. ,of Fabella"
Fabella,"n.,One of the small sesamoid bones situated behind the condyles of the femur, in some mammals."
Fabian,"a.,Of, pertaining to, or in the manner of, the Roman general, Quintus Fabius Maximus Verrucosus; cautious; dilatory; avoiding a decisive contest."
Fable,"n.,A Feigned story or tale, intended to instruct or amuse; a fictitious narration intended to enforce some useful truth or precept; an apologue. See the Note under Apologue."
Fabled,"imp. & p. p.,of Fable"
Fabling,"p. pr. & vb. n.,of Fable"
Fabler,"n.,A writer of fables; a fabulist; a dealer in untruths or falsehoods."
Fabliaux,"pl. ,of Fabliau"
Fabliau,"n.,One of the metrical tales of the Trouveres, or early poets of the north of France."
Fabric,"n.,The structure of anything; the manner in which the parts of a thing are united; workmanship; texture; make; as cloth of a beautiful fabric."
Fabricked,"imp. & p. p.,of Fabric"
Fabricking,"p. pr. & vb. n.,of Fabric"
Fabricant,"n.,One who fabricates; a manufacturer."
Fabricated,"imp. & p. p.,of Fabricate"
Fabricating,"p. pr. & vb. n.,of Fabricate"
Fabricate,"v. t.,To form into a whole by uniting its parts; to frame; to construct; to build; as, to fabricate a bridge or ship."
Fabrication,"n.,The act of fabricating, framing, or constructing; construction; manufacture; as, the fabrication of a bridge, a church, or a government."
Fabricator,"n.,One who fabricates; one who constructs or makes."
Fabricatress,"n.,A woman who fabricates."
Fabrile,"a.,Pertaining to a workman, or to work in stone, metal, wood etc.; as, fabrile skill."
Fabulist,"n.,One who invents or writes fables."
Fabulized,"imp. & p. p.,of Fabulize"
Fabulizing,"p. pr. & vb. n.,of Fabulize"
Fabulize,"v. i.,To invent, compose, or relate fables or fictions."
Fabulosity,"n.,Fabulousness."
Fabulous,"a.,Feigned, as a story or fable; related in fable; devised; invented; not real; fictitious; as, a fabulous description; a fabulous hero."
Faburden,"n.,A species of counterpoint with a drone bass."
Fac,"n.,A large ornamental letter used, esp. by the early printers, at the commencement of the chapters and other divisions of a book."
Facade,"n.,The front of a building; esp., the principal front, having some architectural pretensions. Thus a church is said to have its facade unfinished, though the interior may be in…"
Face,"n.,The exterior form or appearance of anything; that part which presents itself to the view; especially, the front or upper part or surface; that which particularly offers itsel…"
Faced,"imp. & p. p.,of Face"
Facing,"p. pr. & vb. n.,of Face"
Faser,"n.,One who faces; one who puts on a false show; a bold-faced person."
Facet,"n.,A little face; a small, plane surface; as, the facets of a diamond."
Faceted,"imp. & p. p.,of Facet"
Faceting,"p. pr. & vb. n.,of Facet"
Facete,"a.,Facetious; witty; humorous."
G,",G is the seventh letter of the English alphabet, and a vocal consonant. It has two sounds; one simple, as in gave, go, gull; the other compound (like that of j), as in gem, gin…"
Gab,"n.,The hook on the end of an eccentric rod opposite the strap. See. Illust. of Eccentric."
Gabarage,"n.,A kind of coarse cloth for packing goods."
Gabardine,"n.,Alt. of Gaberdine"
Gaberdine,"n.,A coarse frock or loose upper garment formerly worn by Jews; a mean dress."
Gabber,"n.,A liar; a deceiver."
Gabbled,"imp. & p. p.,of Gabble"
Gabbling,"p. pr. & vb. n.,of Gabble"
Gabble,"v. i.,To talk fast, or to talk without meaning; to prate; to jabber."
Gabbier,"n.,One who gabbles; a prater."
Gabbro,"n.,A name originally given by the Italians to a kind of serpentine, later to the rock called euphotide, and now generally used for a coarsely crystalline, igneous rock consistin…"
Gabel,"n.,A rent, service, tribute, custom, tax, impost, or duty; an excise."
Gabeler,"n.,A collector of gabels or taxes."
Gabelle,"n.,A tax, especially on salt."
Gabelleman,"n.,A gabeler."
Gaber-lunzie,"n.,A beggar with a wallet; a licensed beggar."
Gabert,"n.,A lighter, or vessel for inland navigation."
Gabion,"n.,A hollow cylinder of wickerwork, like a basket without a bottom. Gabions are made of various sizes, and filled with earth in building fieldworks to shelter men from an enemy'…"
Gabionade,"n.,A traverse made with gabions between guns or on their flanks, protecting them from enfilading fire."
Gabionage,"n.,The part of a fortification built of gabions."
Gabioned,"p. a.,Furnished with gabions."
Gabionnade,"n.,See Gabionade."
Gable,"n.,A cable."
Gablet,"n.,A small gable, or gable-shaped canopy, formed over a tabernacle, niche, etc."
Gablock,"n.,A false spur or gaff, fitted on the heel of a gamecock."
Gaby,"n.,A simpleton; a dunce; a lout."
Gad,"n.,The point of a spear, or an arrowhead."
Gadded,"imp. & p. p.,of Gad"
Gadding,"p. pr. & vb. n.,of Gad"
Gadabout,"n.,A gadder"
Gadbee,"n.,The gadfly."
Gadder,"n.,One who roves about idly, a rambling gossip."
Gaddingly,"adv.,In a roving, idle manner."
Gaddish,"a.,Disposed to gad."
Gade,"n.,A small British fish (Motella argenteola) of the Cod family."
Gadere,"v. t. & i.,Alt. of Gadre"
Gadre,"v. t. & i.,To gather."
Gadflies,"pl. ,of Gadfly"
Gadfly,"n.,Any dipterous insect of the genus Oestrus, and allied genera of botflies."
Gadhelic,"a.,Of or pertaining to that division of the Celtic languages, which includes the Irish, Gaelic, and Manx."
H,",the eighth letter of the English alphabet, is classed among the consonants, and is formed with the mouth organs in the same position as that of the succeeding vowel. It is used…"
Ha,"interj.,An exclamation denoting surprise, joy, or grief. Both as uttered and as written, it expresses a great variety of emotions, determined by the tone or the context. When re…"
Haaf,"n.,The deepsea fishing for cod, ling, and tusk, off the Shetland Isles."
Haak,"n.,A sea fish. See Hake."
Haar,"n.,A fog; esp., a fog or mist with a chill wind."
Habeas corpus,",A writ having for its object to bring a party before a court or judge; especially, one to inquire into the cause of a person's imprisonment or detention by another, with the vi…"
Habendum,"n.,That part of a deed which follows the part called the premises, and determines the extent of the interest or estate granted; -- so called because it begins with the word Habe…"
Haberdash,"v. i.,To deal in small wares."
Haberdasher,"n.,A dealer in small wares, as tapes, pins, needles, and thread; also, a hatter."
Haberdashery,"n.,The goods and wares sold by a haberdasher; also (Fig.), trifles."
Haberdine,"n.,A cod salted and dried."
Habergeon,"n.,Properly, a short hauberk, but often used loosely for the hauberk."
Habilatory,"a.,Of or pertaining to clothing; wearing clothes."
Habile,"a.,Fit; qualified; also, apt."
Habiliment,"n.,A garment; an article of clothing."
Habilimented,"a.,Clothed. Taylor (1630)."
Habilitate,"a.,Qualified or entitled."
Habilitation,"n.,Equipment; qualification."
Hability,"n.,Ability; aptitude."
Habit,"n.,The usual condition or state of a person or thing, either natural or acquired, regarded as something had, possessed, and firmly retained; as, a religious habit; his habit is…"
Habited,"imp. & p. p.,of Habit"
Habiting,"p. pr. & vb. n.,of Habit"
Habitability,"n.,Habitableness."
Habitable,"a.,Capable of being inhabited; that may be inhabited or dwelt in; as, the habitable world."
Habitakle,"v.,A dwelling place."
Habitan,"n.,Same as Habitant, 2."
Habitance,"n.,Dwelling; abode; residence."
Habiitancy,"n.,Same as Inhabitancy."
Habitant,"v. t.,An inhabitant; a dweller."
Habitat,"v. t.,The natural abode, locality or region of an animal or plant."
Habitation,"n.,The act of inhabiting; state of inhabiting or dwelling, or of being inhabited; occupancy."
Habitator,"n.,A dweller; an inhabitant."
Habitual,"n.,Formed or acquired by habit or use."
Habituated,"imp. & p. p.,of Habituate"
Habituating,"p. pr. & vb. n.,of Habituate"
Habituate,"v. t.,To make accustomed; to accustom; to familiarize."
Habituation,"n.,The act of habituating, or accustoming; the state of being habituated."
Habitude,"n.,Habitual attitude; usual or accustomed state with reference to something else; established or usual relations."
Habitue,"n.,One who habitually frequents a place; as, an habitue of a theater."
Habiture,"n.,Habitude."
ical,"a.,Relating to the patriarch Abraham."
I,",I, the ninth letter of the English alphabet, takes its form from the Phoenician, through the Latin and the Greek. The Phoenician letter was probably of Egyptian origin. Its ori…"
I-,"prefix.,See Y-."
Iamatology,"n.,Materia Medica; that branch of therapeutics which treats of remedies."
Iamb,"n.,An iambus or iambic."
Iambic,"a.,Consisting of a short syllable followed by a long one, or of an unaccented syllable followed by an accented; as, an iambic foot."
Iambical,"a.,Iambic."
Iambically,"adv.,In a iambic manner; after the manner of iambics."
Iambize,"v. t.,To satirize in iambics; to lampoon."
Iambi,"pl. ,of Iambus"
Iambuses,"pl. ,of Iambus"
Iambus,"n.,A foot consisting of a short syllable followed by a long one, as in /mans, or of an unaccented syllable followed by an accented one, as invent; an iambic. See the Couplet und…"
Ianthinae,"pl. ,of Ianthina"
Ianthinas,"pl. ,of Ianthina"
Ianthina,"n.,Any gastropod of the genus Ianthina, of which various species are found living in mid ocean; -- called also purple shell, and violet snail."
Iatraliptic,"a.,Treating diseases by anointing and friction; as, the iatraliptic method."
Iatric,"a.,Alt. of Iatrical"
Iatrical,"a.,Of or pertaining to medicine, or to medical men."
Iatrochemical,"a.,Of or pertaining to iatrochemistry, or to the iatrochemists."
Iatrochemist,"n.,A physician who explained or treated diseases upon chemical principles; one who practiced iatrochemistry."
Iatrochemistry,"n.,Chemistry applied to, or used in, medicine; -- used especially with reference to the doctrines in the school of physicians in Flanders, in the 17th century, who held that hea…"
Iatromathematical,"a.,Of or pertaining to iatromathematicians or their doctrine."
Iatromathematician,"n.,One of a school of physicians in Italy, about the middle of the 17th century, who tried to apply the laws of mechanics and mathematics to the human body, and hence were eager…"
Iberian,"a.,Of or pertaining to Iberia."
Ibexes,"pl. ,of Ibex"
Ibices,"pl. ,of Ibex"
Ibex,"n.,One of several species of wild goats having very large, recurved horns, transversely ridged in front; -- called also steinbok."
Ibidem,"adv.,In the same place; -- abbreviated ibid. or ib."
Ibis,"n.,Any bird of the genus Ibis and several allied genera, of the family Ibidae, inhabiting both the Old World and the New. Numerous species are known. They are large, wading bird…"
Icarian,"a.,Soaring too high for safety, like Icarus; adventurous in flight."
J,",J is the tenth letter of the English alphabet. It is a later variant form of the Roman letter I, used to express a consonantal sound, that is, originally, the sound of English…"
Jaal goat,",A species of wild goat (Capra Nubiana) found in the mountains of Abyssinia, Upper Egypt, and Arabia; -- called also beden, and jaela."
Jab,"v. t.,To thrust; to stab; to punch. See Job, v. t."
Jabbered,"imp. & p. p.,of Jabber"
Jabbering,"p. pr. & vb. n.,of Jabber"
Jabber,"v. i.,To talk rapidly, indistinctly, or unintelligibly; to utter gibberish or nonsense; to chatter."
Jabberingly,"adv.,In a jabbering manner."
Jabberment,"n.,Jabber."
Jabbernowl,"n.,Same as Jobbernowl."
Jabiru,"n.,One of several large wading birds of the genera Mycteria and Xenorhynchus, allied to the storks in form and habits."
Jaborandi,"n.,The native name of a South American rutaceous shrub (Pilocarpus pennatifolius). The leaves are used in medicine as an diaphoretic and sialogogue."
Jaborine,"n.,An alkaloid found in jaborandi leaves, from which it is extracted as a white amorphous substance. In its action it resembles atropine."
Jabot,"n.,Originally, a kind of ruffle worn by men on the bosom of the shirt."
Jacamar,"n.,Any one of numerous species of tropical American birds of the genus Galbula and allied genera. They are allied to the kingfishers, but climb on tree trunks like nuthatches, a…"
Jacana,"n.,Any of several wading birds belonging to the genus Jacana and several allied genera, all of which have spurs on the wings. They are able to run about over floating water weed…"
Jacaranda,"n.,The native Brazilian name for certain leguminous trees, which produce the beautiful woods called king wood, tiger wood, and violet wood."
Jacare,"n.,A cayman. See Yacare."
Jacchus,"n.,The common marmoset (Hapale vulgaris). Formerly, the name was also applied to other species of the same genus."
Jacconet,"n.,See Jaconet."
Jacent,"a.,Lying at length; as, the jacent posture."
Jacinth,"n.,See Hyacinth."
Jack,"n.,A large tree, the Artocarpus integrifolia, common in the East Indies, closely allied to the breadfruit, from which it differs in having its leaves entire. The fruit is of gre…"
Jack-a-dandy,"n.,A little dandy; a little, foppish, impertinent fellow."
Jackal,"n.,Any one of several species of carnivorous animals inhabiting Africa and Asia, related to the dog and wolf. They are cowardly, nocturnal, and gregarious. They feed largely on…"
Jack-a-lent,"n.,A small stuffed puppet to be pelted in Lent; hence, a simple fellow."
Jackanapes,"n.,A monkey; an ape."
Jackass,"n.,The male ass; a donkey."
Jackdaw,"n.,See Daw, n."
Jackeen,"n.,A drunken, dissolute fellow."
Jacket,"n.,A short upper garment, extending downward to the hips; a short coat without skirts."
Jacketed,"a.,Wearing, or furnished with, a jacket."
Jacketing,"n.,The material of a jacket; as, nonconducting jacketing."
Jack Ketch,",A public executioner, or hangman."
Jackknife,"n.,A large, strong clasp knife for the pocket; a pocket knife."
Jackmen,"pl. ,of Jackman"
Jackman,"n.,One wearing a jack; a horse soldier; a retainer. See 3d Jack, n."
Jack-o'-lantern,"n.,See Jack-with-a-lantern, under 2d Jack."
Jackpudding,"n.,A merry-andrew; a buffoon."
Jacksaw,"n.,The merganser."
Jackscrew,"n.,A jack in which a screw is used for lifting, or exerting pressure. See Illust. of 2d Jack, n., 5."
K,",the eleventh letter of the English alphabet, is nonvocal consonant. The form and sound of the letter K are from the Latin, which used the letter but little except in the early…"
Kaama,"n.,The hartbeest."
Kabala,"n.,See Cabala."
Kabassou,"n.,See Cabassou."
Kabob,"n. & v. t.,See Cabob, n. &amp; v. t."
Kabook,"n.,A clay ironstone found in Ceylon."
Kabyle,"n.,A Berber, as in Algiers or Tunis. See Berber."
Kadder,"n.,The jackdaw."
Kadi,"n.,Alt. of Kadiaster"
Kadiaster,"n.,A Turkish judge. See Cadi."
Kafal,"n.,The Arabian name of two trees of the genus Balsamodendron, which yield a gum resin and a red aromatic wood."
Kaffir,"n.,Alt. of Kafir"
Kafir,"n.,One of a race which, with the Hottentots and Bushmen, inhabit South Africa. They inhabit the country north of Cape Colony, the name being now specifically applied to the trib…"
Kaffle,"n.,See Coffle."
Kafilah,"n.,See Cafila."
Kaftan,"n & v.,See Caftan."
Kage,"n.,A chantry chapel inclosed with lattice or screen work."
Kagu,"n.,A singular, crested, grallatorial bird (Rhinochetos jubatus), native of New Caledonia. It is gray above, paler beneath, and the feathers of the wings and tail are handsomely…"
Kaguan,"n.,The colugo."
Kahani,"n.,A kind of notary public, or attorney, in the Levant."
Kahau,"n.,A long-nosed monkey (Semnopithecus nasalis), native of Borneo. The general color of the body is bright chestnut, with the under parts, shoulders, and sides of the head, golde…"
Kail,"n.,A kind of headless cabbage. Same as Kale, 1."
Kaimacam,"n.,Same as Caimacam."
Kain,"n.,Poultry, etc., required by the lease to be paid in kind by a tenant to his landlord."
Kainit,"n.,Salts of potassium used in the manufacture of fertilizers."
Kainite,"n.,A compound salt consisting chiefly of potassium chloride and magnesium sulphate, occurring at the Stassfurt salt mines in Prussian Saxony."
Kainozoic,"a.,See Cenozoic."
Kaique,"n.,See Caique."
Kairine,"n.,A pale buff or white crystalline alkaloid derived from quinoline, and used as an antipyretic in medicine."
Kairoline,"n.,An organic base obtained from quinoline. It is used as a febrifuge, and resembles kairine."
Kaiser,"n.,The ancient title of emperors of Germany assumed by King William of Prussia when crowned sovereign of the new German empire in 1871."
Kaka,"n.,A New Zealand parrot of the genus Nestor, especially the brown parrot (Nestor meridionalis)."
Kakapo,"n.,A singular nocturnal parrot (Strigops habroptilus), native of New Zealand. It lives in holes during the day, but is active at night. It resembles an owl in its colors and gen…"
Kakaralli,"n.,A kind of wood common in Demerara, durable in salt water, because not subject to the depredations of the sea worm and barnacle."
Kakistocracy,"n.,Government by the worst men."
Kakoxene,"n.,See Cacoxene."
Kalan,"n.,The sea otter."
Kalasie,"n.,A long-tailed monkey of Borneo (Semnopithecus rubicundus). It has a tuft of long hair on the head."
Kale,"n.,A variety of cabbage in which the leaves do not form a head, being nearly the original or wild form of the species."
Kaleege,"n.,One of several species of large, crested, Asiatic pheasants, belonging to the genus Euplocamus, and allied to the firebacks."
Law-fall,"n.,Depression of the jaw; hence, depression of spirits."
L,",L is the twelfth letter of the English alphabet, and a vocal consonant. It is usually called a semivowel or liquid. Its form and value are from the Greek, through the Latin, th…"
La,"n.,A syllable applied to the sixth tone of the scale in music in solmization."
Laas,"n.,A lace. See Lace."
Lab,"v. i.,To prate; to gossip; to babble; to blab."
Labadist,"n.,A follower of Jean de Labadie, a religious teacher of the 17th century, who left the Roman Catholic Church and taught a kind of mysticism, and the obligation of community of…"
Labarraque's solution,",An aqueous solution of hypochlorite of sodium, extensively used as a disinfectant."
Labara,"pl. ,of Labarum"
Labarum,"n.,The standard adopted by the Emperor Constantine after his conversion to Christianity. It is described as a pike bearing a silk banner hanging from a crosspiece, and surmounte…"
Labdanum,"n.,See Ladanum."
Labefaction,"n.,The act of labefying or making weak; the state of being weakened; decay; ruin."
Labefy,"v. t.,To weaken or impair."
Label,"n.,A tassel."
Labeled,"imp. & p. p.,of Label"
Labelled,",of Label"
Labeling,"p. pr. & vb. n.,of Label"
Labelling,",of Label"
Labeler,"n.,One who labels."
Labella,"pl. ,of Labellum"
Labellums,"pl. ,of Labellum"
Labellum,"n.,The lower or apparently anterior petal of an orchidaceous flower, often of a very curious shape."
Labent,"a.,Slipping; sliding; gliding."
Labia,"n. pl.,See Labium."
Labial,"a.,Of or pertaining to the lips or labia; as, labial veins."
Labialism,"n.,The quality of being labial; as, the labialism of an articulation; conversion into a labial, as of a sound which is different in another language."
Labialization,"n.,The modification of an articulation by contraction of the lip opening."
Labialize,"v. t.,To modify by contraction of the lip opening."
Labially,"adv.,In a labial manner; with, or by means of, the lips."
Labiate,"v. t.,To labialize."
Labiated,"a.,Same as Labiate, a. (a)."
Labiatifloral,"a.,Alt. of Labiatifloral"
Labidometer,"n.,A forceps with a measuring attachment for ascertaining the size of the fetal head."
Labile,"a.,Liable to slip, err, fall, or apostatize."
Lability,"n.,Liability to lapse, err, or apostatize."
Labimeter,"n.,See Labidometer."
Labiodental,"a.,Formed or pronounced by the cooperation of the lips and teeth, as f and v."
Labionasal,"a.,Formed by the lips and the nose."
Labiose,"a.,Having the appearance of being labiate; -- said of certain polypetalous corollas."
Labipalpi,"pl. ,of Labipalpus"
Labipalpus,"n.,One of the labial palpi of an insect. See Illust. under Labium."
men,"pl. ,of Keelman"
M,",M, the thirteenth letter of the English alphabet, is a vocal consonant, and from the manner of its formation, is called the labio-nasal consonant. See Guide to Pronunciation, /…"
Ma,"n.,A child's word for mother."
Maa,"n.,The common European gull (Larus canus); -- called also mar. See New, a gull."
Maad,"p. p.,Made."
Maalin,"n.,The sparrow hawk."
Ma'am,"n.,Madam; my lady; -- a colloquial contraction of madam often used in direct address, and sometimes as an appellation."
Maara shell,",A large, pearly, spiral, marine shell (Turbo margaritaceus), from the Pacific Islands. It is used as an ornament."
Maasha,"n.,An East Indian coin, of about one tenth of the weight of a rupee."
Maat,"a.,Dejected; sorrowful; downcast."
Mad,"n.,A slattern."
Mabble,"v. t.,To wrap up."
Mabby,"n.,A spirituous liquor or drink distilled from potatoes; -- used in the Barbadoes."
Mabolo,"n.,A kind of persimmon tree (Diospyros discolor) from the Philippine Islands, now introduced into the East and West Indies. It bears an edible fruit as large as a quince."
Mac,",A prefix, in names of Scotch origin, signifying son."
Macaco,"n.,Any one of several species of lemurs, as the ruffed lemur (Lemur macaco), and the ring-tailed lemur (L. catta)."
Macacus,"n.,A genus of monkeys, found in Asia and the East Indies. They have short tails and prominent eyebrows."
Macadamization,"n.,The process or act of macadamizing."
Macadamized,"imp. & p. p.,of Macadamize"
Macadamizing,"p. pr. & vb. n.,of Macadamize"
Macadamize,"v. t.,To cover, as a road, or street, with small, broken stones, so as to form a smooth, hard, convex surface."
Maoadam road,",A macadamized road."
Macao,"n.,A macaw."
Macaque,"n.,Any one of several species of short-tailed monkeys of the genus Macacus; as, M. maurus, the moor macaque of the East Indies."
Macaranga gum,",A gum of a crimson color, obtained from a tree (Macaranga Indica) that grows in the East Indies. It is used in taking impressions of coins, medallions, etc., and sometimes as a…"
Macarize,"v. t.,To congratulate."
Macaronis,"pl. ,of Macaroni"
Macaronies,"pl. ,of Macaroni"
Macaroni,"n.,Long slender tubes made of a paste chiefly of wheat flour, and used as an article of food; Italian or Genoese paste."
Macaronian,"a.,Alt. of Macaronic"
Macaronic,"a.,Pertaining to, or like, macaroni (originally a dish of mixed food); hence, mixed; confused; jumbled."
Macaroon,"n.,A small cake, composed chiefly of the white of eggs, almonds, and sugar."
Macartney,"n.,A fire-backed pheasant. See Fireback."
Macassar oil,",A kind of oil formerly used in dressing the hair; -- so called because originally obtained from Macassar, a district of the Island of Celebes. Also, an imitation of the same, o…"
Macauco,"n.,Any one of several species of small lemurs, as Lemur murinus, which resembles a rat in size."
Macavahu,"n.,A small Brazilian monkey (Callithrix torquatus), -- called also collared teetee."
Macaw,"n.,Any parrot of the genus Sittace, or Macrocercus. About eighteen species are known, all of them American. They are large and have a very long tail, a strong hooked bill, and a…"
Maccabean,"a.,Of or pertaining to Judas Maccabeus or to the Maccabees; as, the Maccabean princes; Maccabean times."
Maccabees,"n. pl.,The name given later times to the Asmonaeans, a family of Jewish patriots, who headed a religious revolt in the reign of Antiochus IV., 168-161 B. C., which led to a peri…"
Maccaboy,"n.,Alt. of Maccoboy"
N,",the fourteenth letter of English alphabet, is a vocal consonent, and, in allusion to its mode of formation, is called the dentinasal or linguanasal consonent. Its commoner soun…"
Na,"a. & adv.,No, not. See No."
Nab,"n.,The summit of an eminence."
Nabbed,"imp. & p. p.,of Nab"
Nabbing,"p. pr. & vb. n.,of Nab"
Nabit,"n.,Pulverized sugar candy."
Nabk,"n.,The edible berries of the Zizyphys Lotus, a tree of Northern Africa, and Southwestern Europe."
Nabob,"n.,A deputy or viceroy in India; a governor of a province of the ancient Mogul empire."
Nacarat,"n.,A pale red color, with a cast of orange."
Nacker,"n.,See Nacre."
Nacre,"n.,A pearly substance which lines the interior of many shells, and is most perfect in the mother-of-pearl. [Written also nacker and naker.] See Pearl, and Mother-of-pearl."
Nacreous,"a.,Consisting of, or resembling, nacre; pearly."
Nad,",Alt. of Nadde"
Nadde,",Had not."
Nadder,"n.,An adder."
Nadir,"n.,That point of the heavens, or lower hemisphere, directly opposite the zenith; the inferior pole of the horizon; the point of the celestial sphere directly under the place whe…"
Naenia,"n.,See Nenia."
Naeve,"n.,A naevus."
Naevoid,"a.,Resembling a naevus or naevi; as, naevoid elephantiasis."
Naevose,"a.,Spotted; frecled."
Naevi,"pl. ,of Navus"
Navus,"n.,A spot or mark on the skin of children when born; a birthmark; -- usually applied to vascular tumors, i. e., those consisting mainly of blood vessels, as dilated arteries, ve…"
Nag,"n.,A small horse; a pony; hence, any horse."
Nagged,"imp. & p. p.,of Nag"
Nagging,"p. pr. & vb. n.,of Nag"
Naggy,"a.,Irritable; touchy."
Nagor,"n.,A West African gazelle (Gazella redunca)."
Nagyagite,"n.,A mineral of blackish lead-gray color and metallic luster, generally of a foliated massive structure; foliated tellurium. It is a telluride of lead and gold."
Naiad,"n.,A water nymph; one of the lower female divinities, fabled to preside over some body of fresh water, as a lake, river, brook, or fountain."
Naiant,"a.,See Natant."
Naid,"n.,Any one of numerous species of small, fresh-water, chaetopod annelids of the tribe Naidina. They belong to the Oligochaeta."
Naif,"a.,Having a true natural luster without being cut; -- applied by jewelers to a precious stone."
Naik,"n.,A chief; a leader; a Sepoy corporal."
Nail,"n.,the horny scale of plate of epidermis at the end of the fingers and toes of man and many apes."
Nailed,"imp. & p. p.,of Nail"
Nailing,"p. pr. & vb. n.,of Nail"
Nailbrush,"n.,A brush for cleaning the nails."
Nailer,"n.,One whose occupation is to make nails; a nail maker."
Naileress,"n.,A women who makes nailes."
Naileries,"pl. ,of Nailery"
Our,"pl. ,of I"
Ours,"pl. ,of I"
O,",O, the fifteenth letter of the English alphabet, derives its form, value, and name from the Greek O, through the Latin. The letter came into the Greek from the Ph/nician, which…"
O's,"pl. ,of O"
Oes,"pl. ,of O"
O',",A prefix to Irish family names, which signifies grandson or descendant of, and is a character of dignity; as, O'Neil, O'Carrol."
Oad,"n.,See Woad."
Oaf,"n.,Originally, an elf's child; a changeling left by fairies or goblins; hence, a deformed or foolish child; a simpleton; an idiot."
Oafish,"a.,Like an oaf; simple."
Oak,"n.,Any tree or shrub of the genus Quercus. The oaks have alternate leaves, often variously lobed, and staminate flowers in catkins. The fruit is a smooth nut, called an acorn, w…"
Oaken,"a.,Made or consisting of oaks or of the wood of oaks."
Oaker,"n.,See Ocher."
Oakling,"n.,A young oak."
Oakum,"n.,The material obtained by untwisting and picking into loose fiber old hemp ropes; -- used for calking the seams of ships, stopping leaks, etc."
Oaky,"n.,Resembling oak; strong."
Oar,"n,An implement for impelling a boat, being a slender piece of timber, usually ash or spruce, with a grip or handle at one end and a broad blade at the other. The part which rest…"
Oared,"imp. & p. p.,of Oar"
Oaring,"p. pr. & vb. n.,of Oar"
Oarfish,"n.,The ribbon fish."
Oarfoot,"n.,Any crustacean of the genus Remipes."
Oar-footed,"a.,Having feet adapted for swimming."
Oarless,"a.,Without oars."
Oarlock,"n.,The notch, fork, or other device on the gunwale of a boat, in which the oar rests in rowing.  See Rowlock."
Oarsmen,"pl. ,of Oarsman"
Oarsman,"n.,One who uses, or is skilled in the use of, an oar; a rower."
Oarsweed,"n.,Any large seaweed of the genus Laminaria; tangle; kelp.  See Kelp."
Oary,"a.,Having the form or the use of an oar; as, the swan's oary feet."
Oases,"pl. ,of Oasis"
Oasis,"n.,A fertile or green spot in a waste or desert, esp. in a sandy desert."
Oast,"n.,A kiln to dry hops or malt; a cockle."
Oats,"pl. ,of Oat"
Oat,"n.,A well-known cereal grass (Avena sativa), and its edible grain; -- commonly used in the plural and in a collective sense."
Oatcake,"n.,A cake made of oatmeal."
Oaten,"a.,Consisting of an oat straw or stem; as, an oaten pipe."
Oaths,"pl. ,of Oath"
Oath,"n.,A solemn affirmation or declaration, made with a reverent appeal to God for the truth of what is affirmed."
Oathable,"a.,Capable of having an oath administered to."
Oathbreaking,"n.,The violation of an oath; perjury."
Oatmeal,"n.,Meal made of oats."
Ob-,",A prefix signifying to, toward, before, against, reversely, etc.; also, as a simple intensive; as in oblige, to bind to; obstacle, something standing before; object, lit., to t…"
Pigpecker,"n.,The European garden warbler (Sylvia, / Currica, hortensis); -- called also beccafico and greater pettychaps."
Prigidity,"n.,The condition or quality of being frigid; coldness; want of warmth."
P,",the sixteenth letter of the English alphabet, is a nonvocal consonant whose form and value come from the Latin, into which language the letter was brought, through the ancient…"
Pa,"n.,A shortened form of Papa."
Paage,"n.,A toll for passage over another person's grounds."
Paard,"n.,The zebra."
Paas,"n.,Pace"
Pabular,"a.,Of, pertaining to, or fit for, pabulum or food; affording food."
Pabulation,"n.,The act of feeding, or providing food."
Pabulous,"a.,Affording pabulum, or food; alimental."
Pabulum,"n.,The means of nutriment to animals or plants; food; nourishment; hence, that which feeds or sustains, as fuel for a fire; that upon which the mind or soul is nourished; as, in…"
Pac,"n.,A kind of moccasin, having the edges of the sole turned up and sewed to the upper."
Paca,"n.,A small South American rodent (Coelogenys paca), having blackish brown fur, with four parallel rows of white spots along its sides; the spotted cavy. It is nearly allied to t…"
Pacable,"a.,Placable."
Pacane,"n.,A species of hickory. See Pecan."
Pacate,"a.,Appeased; pacified; tranquil."
Pacated,"a.,Pacified; pacate."
Pacation,"n.,The act of pacifying; a peacemaking."
Pace,"n.,A single movement from one foot to the other in walking; a step."
Paced,"imp. & p. p.,of Pace"
Pacing,"p. pr. & vb. n.,of Pace"
Pacer,"n.,One who, or that which, paces; especially, a horse that paces."
Pacha,"n.,See Pasha."
Pachacamac,"n.,A divinity worshiped by the ancient Peruvians as the creator of the universe."
Pachak,"n.,The fragrant roots of the Saussurea Costus, exported from India to China, and used for burning as incense. It is supposed to be the costus of the ancients."
Pachalic,"a. & n.,See Pashalic."
Pachisi,"n.,Alt. of Parchesi"
Parchesi,"n.,A game, somewhat resembling backgammon, originating in India."
Pachometer,"n.,An instrument for measuring thickness, as of the glass of a mirror, or of paper; a pachymeter."
Pachonta,"n.,A substance resembling gutta-percha, and used to adulterate it, obtained from the East Indian tree Isonandra acuminata."
Pachy-,",A combining form meaning thick; as, pachyderm, pachydactyl."
Pachycarpous,"a.,Having the pericarp thick."
Pachydactyl,"n.,A bird or other animal having thick toes."
Pachydactylous,"a.,Having thick toes."
Pachyderm,"n.,One of the Pachydermata."
Pachydermal,"a.,Of or relating to the pachyderms; as, pachydermal dentition."
Pachydermata,"n. pl.,A group of hoofed mammals distinguished for the thickness of their skins, including the elephant, hippopotamus, rhinoceros, tapir, horse, and hog. It is now considered an…"
Pachydermatous,"a.,Of or pertaining to the pachyderms."
Pachydermoid,"a.,Related to the pachyderms."
Pachyglossal,"a.,Having a thick tongue; -- applied to a group of lizards (Pachyglossae), including the iguanas and agamas."
Qraspine,"p. pr. & vb. n.,of Grasp"
Q,",the seventeenth letter of the English alphabet, has but one sound (that of k), and is always followed by u, the two letters together being sounded like kw, except in some words…"
Qua,"conj.,In so far as; in the capacity or character of; as."
Quab,"n.,An unfledged bird; hence, something immature or unfinished."
Qua-bird,"n.,The American night heron. See under Night."
Quacha,"n.,The quagga."
Qvacked,"imp. & p. p.,of Quack"
Quacking,"p. pr. & vb. n.,of Quack"
Quack,"v. i.,To utter a sound like the cry of a duck."
Quackeries,"pl. ,of Quackery"
Quackery,"n.,The acts, arts, or boastful pretensions of a quack; false pretensions to any art; empiricism."
Quack grass,",See Quitch grass."
Quackish,"a.,Like a quack; boasting; characterized by quackery."
Quackism,"n.,Quackery."
Quackled,"imp. & p. p.,of Quackle"
Quackling,"p. pr. & vb. n.,of Quackle"
Quackle,"v. i. & t.,To suffocate; to choke."
Quacksalver,"n.,One who boasts of his skill in medicines and salves, or of the efficacy of his prescriptions; a charlatan; a quack; a mountebank."
Quad,"a.,Alt. of Quade"
Quade,"a.,Evil; bad; baffling; as, a quade wind."
Quadrae,"pl. ,of Quadra"
Quadra,"n.,The plinth, or lowest member, of any pedestal, podium, water table, or the like."
Quadrable,"a.,That may be sqyared, or reduced to an equivalent square; -- said of a surface when the area limited by a curve can be exactly found, and expressed in a finite number of algeb…"
Quadragenarious,"a.,Consisting of forty; forty years old."
Quadragene,"n.,An indulgence of forty days, corresponding to the forty days of ancient canonical penance."
Quadragesima,"n.,The forty days of fast preceding Easter; Lent."
Quadragesimal,"a.,Belonging to Lent; used in Lent; Lenten."
Quadragesimals,"n. pl.,Offerings formerly made to the mother church of a diocese on Mid-Lent Sunday."
Quadrangle,"n.,A plane figure having four angles, and consequently four sides; any figure having four angles."
Quadrangular,"a.,Having four angles, and consequently four sides; tetragonal."
ries,"pl. ,of Lachrymatory"
R,",R, the eighteenth letter of the English alphabet, is a vocal consonant.  It is sometimes called a semivowel, and a liquid. See Guide to Pronunciation, // 178, 179, and 250-254."
Ra,"n.,A roe; a deer."
Ra-,",A prefix, from the Latin re and ad combined, coming to us through the French and Italian. See Re-, and Ad-."
Raash,"n.,The electric catfish."
Rab,"n.,A rod or stick used by masons in mixing hair with mortar."
Rabat,"n.,A polishing material made of potter's clay that has failed in baking."
Rabate,"v.,To recover to the fist, as a hawk."
Rabatine,"n.,A collar or cape."
Rabato,"n.,A kind of ruff for the neck; a turned-down collar; a rebato."
Rabbate,"v. t.,To abate or diminish."
Rabbeted,"imp. & p. p.,of Rabbet"
Rabbeting,"p. pr. & vb. n.,of Rabbet"
Rabbet,"v. t.,To cut a rabbet in; to furnish with a rabbet."
Rabbis,"pl. ,of Rabbi"
Rabbies,"pl. ,of Rabbi"
Rabbi,"n.,Master; lord; teacher; -- a Jewish title of respect or honor for a teacher or doctor of the law."
Rabbin,"n.,Same as Rabbi."
Rabbinic,"a.,Alt. of Rabbinical"
Rabbinical,"a.,Of or pertaining to the rabbins or rabbis, or pertaining to the opinions, learning, or language of the rabbins."
Rabbinically,"adv.,In a rabbinical manner; after the manner of the rabbins."
Rabbinism,"n.,A rabbinic expression or phraseology; a peculiarity of the language of the rabbins."
Rabbinist,"n.,One among the Jews who adhered to the Talmud and the traditions of the rabbins, in opposition to the Karaites, who rejected the traditions."
Rabbinite,"n.,Same as Rabbinist."
Rabbit,"n.,Any of the smaller species of the genus Lepus, especially the common European species (Lepus cuniculus), which is often kept as a pet, and has been introduced into many count…"
Rabbiting,"n.,The hunting of rabbits."
Rabbitry,"n.,A place where rabbits are kept; especially, a collection of hutches for tame rabbits."
Rabble,"n.,An iron bar, with the end bent, used in stirring or skimming molten iron in the process of puddling."
Rabbled,"imp. & p. p.,of Rabble"
Rabbling,"p. pr. & vb. n.,of Rabble"
Rabblement,"n.,A tumultuous crowd of low people; a rabble."
Rabbler,"n.,A scraping tool for smoothing metal."
Rabble-rout,"n.,A tumultuous crowd; a rabble; a noisy throng."
Rabdoidal,"a.,See Sagittal."
Rabdology,"n.,The method or art of performing arithmetical operations by means of Napier's bones. See Napier's bones."
Rabdomancy,"n.,Divination by means of rods or wands."
Rabid,"n.,Furious; raging; extremely violent."
Rabidity,"n.,Rabidness; furiousness."
Rabidly,"adv.,In a rabid manner; with extreme violence."
Rabidness,"n.,The quality or state of being rabid."
S,",the nineteenth letter of the English alphabet, is a consonant, and is often called a sibilant, in allusion to its hissing sound. It has two principal sounds; one a mere hissing…"
Saadh,"n.,See Sadh."
Saan,"n. pl.,Same as Bushmen."
Sabadilla,"n.,A Mexican liliaceous plant (Schoenocaulon officinale); also, its seeds, which contain the alkaloid veratrine. It was formerly used in medicine as an emetic and purgative."
Sabaean,"a. & n.,Same as Sabian."
Sabaeanism,"n.,Same as Sabianism."
Sabaeism,"n.,Alt. of Sabaism"
Sabaism,"n.,See Sabianism."
Sabal,"n.,A genus of palm trees including the palmetto of the Southern United States."
Sabaoth,"n. pl.,Armies; hosts."
Sabbat,"n.,In mediaeval demonology, the nocturnal assembly in which demons and sorcerers were thought to celebrate their orgies."
Sabbatarian,"n.,One who regards and keeps the seventh day of the week as holy, agreeably to the letter of the fourth commandment in the Decalogue."
Sabbatarianism,"n.,The tenets of Sabbatarians."
Sabbath,"n.,A season or day of rest; one day in seven appointed for rest or worship, the observance of which was enjoined upon the Jews in the Decalogue, and has been continued by the Ch…"
Sabbathless,"a.,Without Sabbath, or intermission of labor; hence, without respite or rest."
Sabbatic,"a.,Alt. of Sabbatical"
Sabbatical,"a.,Of or pertaining to the Sabbath; resembling the Sabbath; enjoying or bringing an intermission of labor."
Sabbatism,"n.,Intermission of labor, as upon the Sabbath; rest."
Sabbaton,"n.,A round-toed, armed covering for the feet, worn during a part of the sixteenth century in both military and civil dress."
Sabean,"a. & n.,Same as Sabian."
Sabeism,"n.,Same as Sabianism."
Sabella,"n.,A genus of tubicolous annelids having a circle of plumose gills around the head."
Sabellian,"a.,Pertaining to the doctrines or tenets of Sabellius. See Sabellian, n."
Sabellianism,"n.,The doctrines or tenets of Sabellius. See Sabellian, n."
Sabelloid,"a.,Like, or related to, the genus Sabella."
Saber,"n.,Alt. of Sabre"
Sabre,"n.,A sword with a broad and heavy blade, thick at the back, and usually more or less curved like a scimiter; a cavalry sword."
Sabered,"imp. & p. p.,of Sabre"
Sabred,",of Sabre"
Sabering,"p. pr. & vb. n.,of Sabre"
Sabring,",of Sabre"
Saberbill,"n.,Alt. of Sabrebill"
Sabrebill,"n.,The curlew."
Sabian,"a.,Of or pertaining to Saba in Arabia, celebrated for producing aromatic plants."
Sabianism,"n.,The doctrine of the Sabians; the Sabian religion; that species of idolatry which consists in worshiping the sun, moon, and stars; heliolatry."
Sabicu,"n.,The very hard wood of a leguminous West Indian tree (Lysiloma Sabicu), valued for shipbuilding."
Sabine,"a.,Of or pertaining to the ancient Sabines, a people of Italy."
Sable,"n.,A carnivorous animal of the Weasel family (Mustela zibellina) native of the northern latitudes of Europe, Asia, and America, -- noted for its fine, soft, and valuable fur."
Sabled,"imp. & p. p.,of Sable"
Sabling,"p. pr. & vb. n.,of Sable"
To compound a felony,",See under Compound, v. t."
The gapes,",A fit of yawning."
ties,"pl. ,of Rurality"
T,",the twentieth letter of the English alphabet, is a nonvocal consonant. With the letter h it forms the digraph th, which has two distinct sounds, as in thin, then. See Guide to…"
Ta,"v. t.,To take."
Taas,"n.,A heap. See Tas."
Tab,"n.,The flap or latchet of a shoe fastened with a string or a buckle."
Tabacco,"n.,Tobacco."
Tabanus,"n.,A genus of blood sucking flies, including the horseflies."
Tabard,"n.,A sort of tunic or mantle formerly worn for protection from the weather. When worn over the armor it was commonly emblazoned with the arms of the wearer, and from this the na…"
Tabarder,"n.,One who wears a tabard."
Tabaret,"n.,A stout silk having satin stripes, -- used for furniture."
Tabasheer,"n.,A concretion in the joints of the bamboo, which consists largely or chiefly of pure silica. It is highly valued in the East Indies as a medicine for the cure of bilious vomit…"
Tabbinet,"n.,A fabric like poplin, with a watered surface."
Tabbies,"pl. ,of Tabby"
Tabby,"n.,A kind of waved silk, usually called watered silk, manufactured like taffeta, but thicker and stronger. The watering is given to it by calendering."
Tabbied,"imp. & p. p.,of Tabby"
Tabbying,"p. pr. & vb. n.,of Tabby"
Tabefaction,"n.,A wasting away; a gradual losing of flesh by disease."
Tabefied,"imp. & p. p.,of Tabefy"
Tabefying,"p. pr. & vb. n.,of Tabefy"
Tabefy,"v. t.,To cause to waste gradually, to emaciate."
Tabellion,"n.,A secretary or notary under the Roman empire; also, a similar officer in France during the old monarchy."
Taber,"v. i.,Same as Tabor."
Taberd,"n.,See Tabard."
Tabernacle,"n.,A slightly built or temporary habitation; especially, a tent."
Tabernacled,"imp. & p. p.,of Tabernacle"
Tabernacling,"p. pr. & vb. n.,of Tabernacle"
Tabernacular,"a.,Of or pertaining to a tabernacle, especially the Jewish tabernacle."
Tabes,"n.,Progressive emaciation of the body, accompained with hectic fever, with no well-marked logical symptoms."
Tabescent,"a.,Withering, or wasting away."
Tabetic,"a.,Of or pertaining to tabes; of the nature of tabes; affected with tabes; tabid."
Tabid,"a.,Affected by tabes; tabetic."
Tabific,"a.,Alt. of Tabifical"
Tabifical,"a.,Producing tabes; wasting; tabefying."
Tabinet,"n.,See Tabbinet."
Tablature,"n.,A painting on a wall or ceiling; a single piece comprehended in one view, and formed according to one design; hence, a picture in general."
Table,"n.,A smooth, flat surface, like the side of a board; a thin, flat, smooth piece of anything; a slab."
Tableed,"imp. & p. p.,of Table"
Tableing,"p. pr. & vb. n.,of Table"
Us,"pl. ,of I"
U,",the twenty-first letter of the English alphabet, is a cursive form of the letter V, with which it was formerly used interchangeably, both letters being then used both as vowels…"
Uakari,"n.,Same as Ouakari."
Uberous,"a.,Fruitful; copious; abundant; plentiful."
Uberty,"n.,Fruitfulness; copiousness; abundance; plenty."
Ubication,"n.,Alt. of Ubiety"
Ubiety,"n.,The quality or state of being in a place; local relation; position or location; whereness."
Ubiquarian,"a.,Ubiquitous."
Ubiquitist,"n.,Alt. of Ubiquitarian"
Ubiquitarian,"n.,One of a school of Lutheran divines which held that the body of Christ is present everywhere, and especially in the eucharist, in virtue of his omnipresence. Called also ubiq…"
Ubiquitariness,"n.,Quality or state of being ubiquitary, or ubiquitous."
Ubiquitary,"a.,Ubiquitous."
Ubiquitaries,"pl. ,of Ubiquitary"
Ubiquitous,"a.,Existing or being everywhere, or in all places, at the same time; omnipresent."
Ubiquity,"n.,Existence everywhere, or in places, at the same time; omnipresence; as, the ubiquity of God is not disputed by those who admit his existence."
Uchees,"n. pl.,A tribe of North American Indians belonging to the Creek confederation."
Uckewallist,"n.,One of a sect of rigid Anabaptists, which originated in 1637, and whose tenets were essentially the same as those of the Mennonists. In addition, however, they held that Juda…"
Udal,"n.,In Shetland and Orkney, a freehold; property held by udal, or allodial, right."
Udaler,"n.,Alt. of Udalman"
Udalman,"n.,In the Shetland and Orkney Islands, one who holds property by udal, or allodial, right."
Udder,"n.,The glandular organ in which milk is secreted and stored; -- popularly called the bag in cows and other quadrupeds. See Mamma."
Uddered,"a.,Having an udder or udders."
Udderless,"a.,Destitute or deprived of an udder."
Udometer,"n.,A rain gauge."
Ugh,"interj.,An exclamation expressive of disgust, horror, or recoil. Its utterance is usually accompanied by a shudder."
Uglesome,"a.,Ugly."
Uglify,"v. t.,To disfigure; to make ugly."
Uglily,"adv.,In an ugly manner; with deformity."
Ugliness,"n.,The quality or state of being ugly."
Ugly,"superl.,Offensive to the sight; contrary to beauty; being of disagreeable or loathsome aspect; unsightly; repulsive; deformed."
Ugrian,"n. pl.,A Mongolian race, ancestors of the Finns."
Ugsome,"a.,Ugly; offensive; loathsome."
Uhlan,"n.,One of a certain description of militia among the Tartars."
Uintatherium,"n.,An extinct genus of large Eocene ungulates allied to Dinoceras. This name is sometimes used for nearly all the known species of the group. See Dinoceras."
Ukase,"n.,In Russia, a published proclamation or imperial order, having the force of law."
Ulan,"n.,See Uhlan."
Ularburong,"n.,A large East Indian nocturnal tree snake (Dipsas dendrophila). It is not venomous."
Ulcer,"n.,A solution of continuity in any of the soft parts of the body, discharging purulent matter, found on a surface, especially one of the natural surfaces of the body, and origin…"
Ulcerable,"a.,Capable of ulcerating."
Ulcerated,"imp. & p. p.,of Ulcerate"
V,",V, the twenty-second letter of the English alphabet, is a vocal consonant. V and U are only varieties of the same character, U being the cursive form, while V is better adapted…"
Vaagmer,"n.,The dealfish."
Vacancies,"pl. ,of Vacancy"
Vacancy,"n.,The quality or state of being vacant; emptiness; hence, freedom from employment; intermission; leisure; idleness; listlessness."
Vacant,"a.,Deprived of contents; not filled; empty; as, a vacant room."
Vacantly,"adv.,In a vacant manner; inanely."
Vacated,"imp. & p. p.,of Vacate"
Vacating,"p. pr. & vb. n.,of Vacate"
Vacate,"v. t.,To make vacant; to leave empty; to cease from filling or occupying; as, it was resolved by Parliament that James had vacated the throne of England; the tenant vacated the…"
Vacation,"n.,The act of vacating; a making void or of no force; as, the vacation of an office or a charter."
Vaccary,"n.,A cow house, dairy house, or cow pasture."
Vaccina,"n.,Vaccinia."
Vaccinal,"a.,Of or pertaining to vaccinia or vaccination."
Vaccinated,"imp. & p. p.,of Vaccinate"
Vaccinating,"p. pr. & vb. n.,of Vaccinate"
Vaccinate,"v. t.,To inoculate with the cowpox by means of a virus, called vaccine, taken either directly or indirectly from cows."
Vaccination,"n.,The act, art, or practice of vaccinating, or inoculating with the cowpox, in order to prevent or mitigate an attack of smallpox.  Cf. Inoculation."
Vaccinator,"n.,One who, or that which, vaccinates."
Vaccine,"a.,Of or pertaining to cows; pertaining to, derived from, or caused by, vaccinia; as, vaccine virus; the vaccine disease."
Vaccinia,"n.,Cowpox; vaccina. See Cowpox."
Vaccinist,"n.,A vaccinator."
Vaccinium,"n.,A genus of ericaceous shrubs including the various kinds of blueberries and the true cranberries."
Vacher,"n.,A keeper of stock or cattle; a herdsman."
Vachery,"n.,An inclosure for cows."
Vacillancy,"n.,The quality or state of being vacillant, or wavering."
Vacillant,"a.,Vacillating; wavering; fluctuating; irresolute."
Vacillated,"imp. & p. p.,of Vacillate"
Vacillating,"p. pr. & vb. n.,of Vacillate"
Vacillate,"v. t.,To move one way and the other; to reel or stagger; to waver."
Vacillation,"n.,The act of vacillating; a moving one way and the other; a wavering."
Vacillatory,"a.,Inclined to vacillate; wavering; irresolute."
Vacuate,"v. t.,To make void, or empty."
Vacuation,"n.,The act of emptying; evacuation."
Vacuist,"n.,One who holds the doctrine that the space between the bodies of the universe, or the molecules and atoms of matter., is a vacuum; -- opposed to plenist."
Vacuity,"n.,The quality or state of being vacuous, or not filled; emptiness; vacancy; as, vacuity of mind; vacuity of countenance."
Vacuna,"n.,The goddess of rural leisure, to whom the husbandmen sacrificed at the close of the harvest. She was especially honored by the Sabines."
Vacuolated,"a.,Full of vacuoles, or small air cavities; as, vacuolated cells."
Vacuolation,"n.,Formation into, or multiplication of, vacuoles."
Vacuole,"n.,A small air cell, or globular space, in the interior of organic cells, either containing air, or a pellucid watery liquid, or some special chemical secretions of the cell pro…"
Vacuous,"a.,Empty; unfilled; void; vacant."
Went,"imp.,of Go"
women,"pl. ,of Herdswoman"
We,"pl. ,of I"
W,",the twenty-third letter of the English alphabet, is usually a consonant, but sometimes it is a vowel, forming the second element of certain diphthongs, as in few, how. It takes…"
Waag,"n.,The grivet."
Waahoo,"n.,The burning bush; -- said to be called after a quack medicine made from it."
Wabble,"v. i.,To move staggeringly or unsteadily from one side to the other; to vacillate; to move the manner of a rotating disk when the axis of rotation is inclined to that of the dis…"
Wabbly,"a.,Inclined to wabble; wabbling."
Wacke,"n.,Alt. of Wacky"
Wacky,"n.,A soft, earthy, dark-colored rock or clay derived from the alteration of basalt."
Wad,"n.,Woad."
Waded,"imp. & p. p.,of Wad"
Wadding,"p. pr. & vb. n.,of Wad"
Wadd,"n.,An earthy oxide of manganese, or mixture of different oxides and water, with some oxide of iron, and often silica, alumina, lime, or baryta; black ocher. There are several va…"
Waddled,"imp. & p. p.,of Waddle"
Waddling,"p. pr. & vb. n.,of Waddle"
Waddle,"v. i.,To walk with short steps, swaying the body from one side to the other, like a duck or very fat person; to move clumsily and totteringly along; to toddle; to stumble; as, a…"
Waddler,"n.,One who, or that which, waddles."
Waddlingly,"adv.,In a waddling manner."
Wade,"n.,Woad."
Wading,"p. pr. & vb. n.,of Wade"
Wader,"n.,One who, or that which, wades."
Wadmol,"n.,A coarse, hairy, woolen cloth, formerly used for garments by the poor, and for various other purposes."
Wadset,"n.,A kind of pledge or mortgage."
Wadsetter,"n.,One who holds by a wadset."
Wadies,"pl. ,of Wady"
Wady,"n.,A ravine through which a brook flows; the channel of a water course, which is dry except in the rainy season."
Wae,"n.,A wave."
Waeg,"n.,The kittiwake."
Wafer,"n.,A thin cake made of flour and other ingredients."
Wafered,"imp. & p. p.,of Wafer"
Wafering,"p. pr. & vb. n.,of Wafer"
Waferer,"n.,A dealer in the cakes called wafers; a confectioner."
Waffle,"n.,A thin cake baked and then rolled; a wafer."
Wafted,"imp. & p. p.,of Waft"
Wafting,"p. pr. & vb. n.,of Waft"
Waft,"v. t.,To give notice to by waving something; to wave the hand to; to beckon."
Waftage,"n.,Conveyance on a buoyant medium, as air or water."
Wafter,"n.,One who, or that which, wafts."
Wafture,"n.,The act of waving; a wavelike motion; a waft."
X,",X, the twenty-fourth letter of the English alphabet, has three sounds; a compound nonvocal sound (that of ks), as in wax; a compound vocal sound (that of gz), as in example; an…"
Xanthamide,"n.,An amido derivative of xanthic acid obtained as a white crystalline substance, C2H5O.CS.NH2; -- called also xanthogen amide."
Xanthate,"n.,A salt of xanthic; a xanthogenate."
Xanthelasma,"n.,See Xanthoma."
Xanthian,"a.,Of or pertaining to Xanthus, an ancient town on Asia Minor; -- applied especially to certain marbles found near that place, and now in the British Museum."
Xanthic,"a.,Tending toward a yellow color, or to one of those colors, green being excepted, in which yellow is a constituent, as scarlet, orange, etc."
Xanthide,"n.,A compound or derivative of xanthogen."
Xanthidia,"pl. ,of Xanthidium"
Xanthidium,"n.,A genus of minute unicellular algae of the desmids. These algae have a rounded shape and are armed with glochidiate or branched aculei. Several species occur in ditches, and…"
Xanthin,"n.,A crystalline nitrogenous body closely related to both uric acid and hypoxanthin, present in muscle tissue, and occasionally found in the urine and in some urinary calculi. I…"
Xanthinine,"n.,A complex nitrogenous substance related to urea and uric acid, produced as a white powder; -- so called because it forms yellow salts, and because its solution forms a blue f…"
Xanthium,"n.,A genus of composite plants in which the scales of the involucre are united so as to form a kind of bur; cocklebur; clotbur."
Xantho-,",A combining form from Gr. xanqo`s yellow; as in xanthocobaltic salts. Used also adjectively in chemistry."
Xanthocarpous,"a.,Having yellow fruit."
Xanthochroi,"n. pl.,A division of the Caucasian races, comprising the lighter-colored members."
Xanthochroic,"a.,Having a yellowish or fair complexion; of or pertaining to the Xanthochroi."
Xanthodontous,"a.,Having yellow teeth."
Xanthogen,"n.,The hypothetical radical supposed to be characteristic of xanthic acid."
Xanthogenate,"n.,A salt of xanthic acid."
Xanthogenic,"a.,Producing a yellow color or compound; xanthic.  See Xanthic acid, under Xanthic."
Xanthoma,"n.,A skin disease marked by the development or irregular yellowish patches upon the skin, especially upon the eyelids; -- called also xanthelasma."
Xanthophane,"n.,The yellow pigment present in the inner segments of the retina in animals.  See Chromophane."
Xanthophyll,"n.,A yellow coloring matter found in yellow autumn leaves, and also produced artificially from chlorophyll; -- formerly called also phylloxanthin."
Xanthopous,"a.,Having a yellow stipe, or stem."
Xanthoproteic,"a.,Pertaining to, or derived from, xanthoprotein; showing the characters of xanthoprotein; as, xanthoproteic acid; the xanthoproteic reaction for albumin."
Xanthoprotein,"n.,A yellow acid substance formed by the action of hot nitric acid on albuminous or proteid matter. It is changed to a deep orange-yellow color by the addition of ammonia."
Xanthopuccine,"n.,One of three alkaloids found in the root of the yellow puccoon (Hydrastis Canadensis). It is a yellow crystalline substance, and resembles berberine."
Xanthorhamnin,"n.,A glucoside extracted from Persian berries as a yellow crystalline powder, used as a dyestuff."
Xanthorhiza,"n.,A genus of shrubby ranunculaceous plants of North America, including only the species Xanthorhiza apiifolia, which has roots of a deep yellow color; yellowroot. The bark is i…"
Xanthorhoea,"n.,A genus of endogenous plants, native to Australia, having a thick, sometimes arborescent, stem, and long grasslike leaves.  See Grass tree."
Xanthose,"n.,An orange-yellow substance found in pigment spots of certain crabs."
Xanthosis,"n.,The yellow discoloration often observed in cancerous tumors."
Xanthospermous,"a.,Having yellow seeds."
Xanthous,"a.,Yellow; specifically (Ethnol.), of or pertaining to those races of man which have yellowish, red, auburn, or brown hair."
Xanthoxylene,"n.,A liquid hydrocarbon of the terpene series extracted from the seeds of a Japanese prickly ash (Xanthoxylum pipertium) as an aromatic oil."
Xanthoxylum,"n.,A genus of prickly shrubs or small trees, the bark and rots of which are of a deep yellow color; prickly ash."
Xebec,"n.,A small three-masted vessel, with projecting bow stern and convex decks, used in the Mediterranean for transporting merchandise, etc. It carries large square sails, or both.…"
Xeme,"n.,An Arctic fork-tailed gull (Xema Sabinii)."
Xenelasia,"n.,A Spartan institution which prohibited strangers from residing in Sparta without permission, its object probably being to preserve the national simplicity of manners."
Xenia,"pl. ,of Xenium"
Y,",Y, the twenty-fifth letter of the English alphabet, at the beginning of a word or syllable, except when a prefix (see Y-), is usually a fricative vocal consonant; as a prefix,…"
Y's,"pl. ,of Y"
Ys,"pl. ,of Y"
Y-,",Alt. of I-"
Ya,"adv.,Yea."
Yacare,"n.,A South American crocodilian (Jacare sclerops) resembling the alligator in size and habits. The eye orbits are connected together, and surrounded by prominent bony ridges. Ca…"
Yacca,"n.,A West Indian name for two large timber trees (Podocarpus coriaceus, and P. Purdicanus) of the Yew family. The wood, which is much used, is pale brownish with darker streaks."
Yacht,"n.,A light and elegantly furnished vessel, used either for private parties of pleasure, or as a vessel of state to convey distinguished persons from one place to another; a seag…"
Yachter,"n.,One engaged in sailing a jacht."
Yachting,"n.,Sailing for pleasure in a yacht."
Yachtman,"n.,See Yachtsman."
Yachtsmen,"pl. ,of Yachtsman"
Yachtsman,"n.,One who owns or sails a yacht; a yachter."
Yaf,"imp.,Gave.  See Give."
Yaffingale,"n.,The yaffle."
Yaffle,"n.,The European green woodpecker (Picus, / Genius, viridis). It is noted for its loud laughlike note. Called also eccle, hewhole, highhoe, laughing bird, popinjay, rain bird, ya…"
Yager,"n.,In the German army, one belonging to a body of light infantry armed with rifles, resembling the chasseur of the French army."
Yaguarundi,"n.,Same as Jaguarondi."
Yajur-Veda,"n.,See Veda."
Yak,"n.,A bovine mammal (Poephagus grunnies) native of the high plains of Central Asia. Its neck, the outer side of its legs, and its flanks, are covered with long, flowing, fine hai…"
Yakamilk,"n.,See Trumpeter, 3 (a)."
Yakare,"n.,Same as Yacare."
Yakin,"n.,A large Asiatic antelope (Budorcas taxicolor) native of the higher parts of the Himalayas and other lofty mountains. Its head and neck resemble those of the ox, and its tail…"
Yakoots,"n. pl., (Ethnol.) A nomadic Mongolian tribe native of Northern Siberia, and supposed to be of Turkish stock. They are mainly pastoral in their habits."
Yaksha,"n.,A kind of demigod attendant on Kuvera, the god of wealth."
Yalah,"n.,The oil of the mahwa tree."
Yam,"n.,A large, esculent, farinaceous tuber of various climbing plants of the genus Dioscorea; also, the plants themselves. Mostly natives of warm climates. The plants have netted-v…"
Yama,"n.,The king of the infernal regions, corresponding to the Greek Pluto, and also the judge of departed souls. In later times he is more exclusively considered the dire judge of a…"
Yamma,"n.,The llama."
Yamp,"n.,An umbelliferous plant (Carum Gairdneri); also, its small fleshy roots, which are eaten by the Indians from Idaho to California."
Yang,"n.,The cry of the wild goose; a honk."
Yank,"n.,A jerk or twitch."
Yanked,"imp. & p. p.,of Yank"
Yanking,"p. pr. & vb. n.,of Yank"
Yankee,"n.,A nickname for a native or citizen of New England, especially one descended from old New England stock; by extension, an inhabitant of the Northern States as distinguished fr…"
Yankee-Doodle,"n.,The name of a tune adopted popularly as one of the national airs of the United States."
Yankeeism,"n.,A Yankee idiom, word, custom, or the like."
Yaourt,"n.,A fermented drink, or milk beer, made by the Turks."
Yap,"v. i.,To bark; to yelp."
Yapock,"n.,A South American aquatic opossum (Chironectes variegatus) found in Guiana and Brazil. Its hind feet are webbed, and its fore feet do not have an opposable thumb for climbing.…"
Z,",Z, the twenty-sixth and last letter of the English alphabet, is a vocal consonant. It is taken from the Latin letter Z, which came from the Greek alphabet, this having it from…"
Za,"n.,An old solfeggio name for B flat; the seventh harmonic, as heard in the or aeolian string; -- so called by Tartini. It was long considered a false, but is the true note of th…"
Zabaism,"n.,Alt. of Zabism"
Zabism,"n.,See Sabianism."
Zabian,"a. & n.,See Sabian."
Zacco,"n.,See Zocco."
Zachun,"n.,An oil pressed by the Arabs from the fruit of a small thorny tree (Balanites Aegyptiaca), and sold to piligrims for a healing ointment."
Zaerthe,"n.,Same as Z/rthe."
Zaffer,"n.,A pigment obtained, usually by roasting cobalt glance with sand or quartz, as a dark earthy powder. It consists of crude cobalt oxide, or of an impure cobalt arseniate. It is…"
Zaim,"n.,A Turkish chief who supports a mounted militia bearing the same name."
Zaimet,"n.,A district from which a Zaim draws his revenue."
Zain,"n.,A horse of a dark color, neither gray nor white, and having no spots."
Zalambdodont,"a.,Of or pertaining to a tribe (Zalambdodonta) of Insectivora in which the molar teeth have but one V-shaped ridge."
Zamang,"n.,An immense leguminous tree (Pithecolobium Saman) of Venezuela. Its branches form a hemispherical mass, often one hundred and eighty feet across. The sweet pulpy pods are used…"
Zambos,"pl. ,of Zambo"
Zambo,"n.,The child of a mulatto and a negro; also, the child of an Indian and a negro; colloquially or humorously, a negro; a sambo."
Zamia,"n.,A genus of cycadaceous plants, having the appearance of low palms, but with exogenous wood.  See Coontie, and Illust. of Strobile."
Zamindar,"n.,A landowner; also, a collector of land revenue; now, usually, a kind of feudatory recognized as an actual proprietor so long as he pays to the government a certain fixed reve…"
Zamindary,"n.,Alt. of Zamindari"
Zamindari,"n.,The jurisdiction of a zamindar; the land possessed by a zamindar."
Zamite,"n.,A fossil cycad of the genus Zamia."
Zamouse,"n.,A West African buffalo (Bubalus brachyceros) having short horns depressed at the base, and large ears fringed internally with three rows of long hairs. It is destitute of a d…"
Zampogna,"n.,A sort of bagpipe formerly in use among Italian peasants. It is now almost obsolete."
Zander,"n.,A European pike perch (Stizostedion lucioperca) allied to the wall-eye; -- called also sandari, sander, sannat, schill, and zant."
Zandmole,"n.,The sand mole."
Zante,"n.,See Zantewood."
Zante currant,",A kind of seedless grape or raisin; -- so called from Zante, one of the Ionian Islands."
Zantewood,"n.,A yellow dyewood; fustet; -- called also zante, and zante fustic.  See Fustet, and the Note under Fustic."
Zantiot,"n.,A native or inhabitant of Zante, one of the Ionian Islands."
Zanies,"pl. ,of Zany"
Zany,"n.,A merry-andrew; a buffoon."
Zanyism,"n.,State or character of a zany; buffoonery."
Zaphara,"n.,Zaffer."
Zaphrentis,"n.,An extinct genus of cyathophylloid corals common in the Paleozoic formations. It is cup-shaped with numerous septa, and with a deep pit in one side of the cup."
Zapotilla,"n.,See Sapodilla."
Zaptiah,"n.,A Turkish policeman."
Zarathustrian,"a.,Alt. of Zarathustric"
Zarathustric,"a.,Of or pertaining to Zarathustra, or Zoroaster; Zoroastrian."
Zarathustrism,"n.,See Zoroastrianism."
Zaratite,"n.,A hydrous carbonate of nickel occurring as an emerald-green incrustation on chromite; -- called also emerald nickel."

